SET FOREIGN_KEY_CHECKS = 0;
LOCK TABLES `ORG` WRITE;
TRUNCATE TABLE ORG;
INSERT INTO ORG (ID,CONTACTNAME,CONTACTPHONE,ORGCODE,ORGNAME,PARENTCODE,STATUS) VALUES 
(99999,'李銘祥','0989898989','1','地方主管機關_台中市社會局','0','啟用'),
(99998,'吳麗華','0912345678','01','社會局','1','啟用'),
(99997,'徐永立','0945678945','02','教育局','1','啟用'),
(99996,'張坤成','0915975325','001','慈愛教育文化協會','01','啟用'),
(99995,'趙甘敬','0965498732','002','祥和福利基金會','01','啟用'),
(99994,'張品希','0935826157','003','領航家庭關懷協會','02','啟用'),
(99993,'陸天祥','0937456825','0001','祥和志工小隊','001','啟用'),
(99992,'楊曉馨','0989864582','0002','鼎聖志工小隊','001','啟用'),
(99991,'李明光','0965666889','0003','北屯愛心志工小隊','002','啟用'),
(99990,'蕭敬騰','0989893745','0004','惠安慈善志工隊','002','啟用'),
(99989,'宋錦陽','0945127852','0005','鳳凰志工小隊','003','啟用'),
(99987,'張尹婷','0933775599','0006','大愛志工小隊','003','啟用');
UNLOCK TABLES;
LOCK TABLES `SEQUENCE` WRITE;
TRUNCATE TABLE SEQUENCE;
INSERT INTO SEQUENCE (SEQ_NAME,SEQ_COUNT) VALUES 
('SEQ_GEN',0);
UNLOCK TABLES;
LOCK TABLES `USERS` WRITE;
TRUNCATE TABLE USERS;
INSERT INTO USERS (ID,ACCOUNT,ORGCODE,PARENTCODE,PASSWORD) VALUES 
(99999,'john','1','0','1234'),
(99998,'mary','01','1','1234'),
(99997,'wade','002','01','1234'),
(99996,'baris','0001','001','1234'),
(99995,'alma','002','02','1234');
UNLOCK TABLES;
LOCK TABLES `USERS_GROUPS` WRITE;
TRUNCATE TABLE USERS_GROUPS;
INSERT INTO USERS_GROUPS (ID,ACCOUNT,GROUPID) VALUES 
(99999,'john','admin'),
(99998,'baris','EduTrainingManager'),
(99997,'alma','HourOfServiceManager'),
(99996,'mary','RegisterManager'),
(99995,'wade','VolunteerManager');
UNLOCK TABLES;
SET FOREIGN_KEY_CHECKS = 1;